Weekly Enabled Campaign Performance,,,,,,,,,,,,,,,,
"January 1, 2025 - January 31, 2025",,,,,,,,,,,,,,,,
Day,Campaign status,Campaign,Budget name,Currency code,Budget,Budget type,Status,Status reasons,Cost,Store visits,Avg. Daily Spent - ZS,Budget Pacing %,Campaign type,Impr.,Viewable rate,Clicks,CTR,Avg. CPC,Conversions,Conv. rate,Cost / conv.,Conv. value,Conv. value / cost,Click share,Search impr. share,Search top IS,Search abs. top IS,Search lost IS (budget),Search lost top IS (budget),Search lost IS (rank),Search lost top IS (rank),Display impr. share,Results,Results value,Impr. (Top) %
2025-02-20,Enabled,P.Max - 2 Conversions  - ZS, --,USD,50.00,Daily,Eligible (Limited),limited by budget; most asset groups limited by policy,53.26,8.55,3.80,7.61%,Performance Max,"5,770", --,134,2.32%,0.40,13.55,10.11%,3.93,491.97,9.24,10%,10.81%, --, --,34.29%, --,54.90%, --, --,Contact: 6.00; Get directions: 5.00; Phone call lead: 1.00; Store visit: 8.55,Contact: 72.00; Get directions: 150.00; Phone call lead: 20.00; Store visit: 341.97, --
2025-02-13,Enabled,P.Max - Re.Mar. Existing Audience Segments - ZS, --,USD,25.00,Daily,Eligible (Limited),limited by budget; unknown,26.60,30.00,1.90,7.60%,Performance Max,"16,549", --,11,0.07%,2.42,30.00,9.09%,0.89,"1,200.00",45.12,10%,  10%, --, --,0.00%, --,> 90%, --, --,Store visit: 1.00,Store visit: 40.00, --
2025-02-17,Enabled,Ewing Website Traffic - Radius Targeting - ZS - 30/12/24,Max. Clicks - Store Locations Radius Targeting  created on 1/3/2025 4:51 AM,USD,30.00,Daily,Eligible (Limited),limited by budget; most ads limited by policy,19.06,1.00,1.36,4.54%,Search,373, --,29,7.77%,0.66,1.00,3.45%,19.06,40.00,2.10,  10%,  10%,  10%,  10%,24.64%,24.51%,71.53%,71.77%, --,Contact: 2.00; Phone call lead: 1.00; Store visit: 1.00,Contact: 24.00; Phone call lead: 20.00; Store visit: 40.00,79.62%
2025-02-24,Enabled,Reading Website Traffic - Radius Targeting - ZS - 5/12/24,Max. Clicks - Store Locations Radius Targeting  created on 1/3/2025 4:51 AM,USD,30.00,Daily,Eligible (Limited),limited by budget; some ads limited by policy,3.45,0.00,0.25,0.82%,Search,90, --,8,8.89%,0.43,0.00,0.00%,0.00,0.00,0.00,  10%,  10%,  10%,  10%,0.00%,0.00%,> 90%,> 90%, --,0,0,63.33%
2025-02-12,Enabled,Reading Website Traffic - Radius Targeting - ZS - 5/12/24,Max. Clicks - Store Locations Radius Targeting  created on 1/3/2025 4:51 AM,USD,30.00,Daily,Eligible (Limited),limited by budget; some ads limited by policy,2.16,0.00,0.15,0.51%,Search,68, --,4,5.88%,0.54,0.00,0.00%,0.00,0.00,0.00,  10%,  10%,  10%,  10%,24.84%,24.14%,68.91%,70.50%,  10%,0,0,70.00%
2025-02-23,Enabled,Holiday S. Shopping - 27/12/24 - ZS, --,USD,50.00,Daily,Eligible,unknown,20.77,0.00,1.48,2.97%,Shopping,"2,517", --,28,1.11%,0.74,0.00,0.00%,0.00,0.00,0.00,25.62%,36.62%, --,  10%,52.52%, --,10.87%, --, --,0,0, --
2025-02-22,Enabled,Holiday S. Shopping - 27/12/24 - ZS, --,USD,50.00,Daily,Eligible,unknown,56.24,0.00,4.02,8.03%,Shopping,"4,750", --,53,1.12%,1.06,1.00,1.89%,56.24,30.00,0.53,34.95%,33.22%, --,  10%,60.57%, --,6.21%, --, --,Get directions: 1.00,Get directions: 30.00, --
2025-02-24,Enabled,P.Max - 2 Conversions  - ZS, --,USD,50.00,Daily,Eligible (Limited),limited by budget; most asset groups limited by policy,64.59,0.00,4.61,9.23%,Performance Max,"5,933", --,159,2.68%,0.41,4.00,2.52%,16.15,120.00,1.86,10%,11.59%, --, --,0.00%, --,88.41%, --, --,Contact: 1.00; Get directions: 4.00; Phone call lead: 2.00,Contact: 12.00; Get directions: 120.00; Phone call lead: 40.00, --
2025-02-25,Enabled,P.Max - 2 Conversions  - ZS, --,USD,50.00,Daily,Eligible (Limited),limited by budget; most asset groups limited by policy,54.24,0.00,3.87,7.75%,Performance Max,"5,519", --,126,2.28%,0.43,2.00,1.59%,27.12,60.00,1.11, --,  10%, --, --,1.31%, --,89.44%, --, --,Get directions: 2.00; Phone call lead: 2.00,Get directions: 60.00; Phone call lead: 40.00, --
2025-02-23,Enabled,P.Max - 2 Conversions  - ZS, --,USD,50.00,Daily,Eligible (Limited),limited by budget; most asset groups limited by policy,42.19,0.00,3.01,6.03%,Performance Max,"5,861", --,158,2.70%,0.27,3.01,1.91%,14.02,90.31,2.14,10.09%,  10%, --, --,0.00%, --,> 90%, --, --,Contact: 5.00; Get directions: 3.01,Contact: 60.00; Get directions: 90.31, --
2025-02-24,Enabled,S. Shopping - Selected Products - 26/12/24 -ZS, --,USD,35.00,Daily,Eligible,unknown,39.38,0.00,2.81,8.04%,Shopping,"3,408", --,60,1.76%,0.66,2.00,3.33%,19.69,60.00,1.52, --, --, --, --, --, --, --, --, --,Get directions: 2.00,Get directions: 60.00, --
2025-02-13,Enabled,Package Deals - P.Max - 2 Conversions  - ZS, --,USD,60.00,Daily,Eligible (Limited),limited by budget; unknown,64.57,7.22,4.61,7.69%,Performance Max,"14,553", --,159,1.09%,0.41,11.19,7.04%,5.77,407.91,6.32,16.42%,35.66%, --, --,0.00%, --,64.34%, --, --,Contact: 3.00; Get directions: 3.98; Store visit: 7.22,Contact: 36.00; Get directions: 119.31; Store visit: 288.60, --
2025-02-25,Enabled,S. Shopping - Selected Products - 26/12/24 -ZS, --,USD,35.00,Daily,Eligible,unknown,15.71,0.00,1.12,3.21%,Shopping,"3,082", --,25,0.81%,0.63,0.00,0.00%,0.00,0.00,0.00, --, --, --, --, --, --, --, --, --,0,0, --
2025-02-23,Enabled,S. Shopping - Selected Products - 26/12/24 -ZS, --,USD,35.00,Daily,Eligible,unknown,69.94,0.00,5.00,14.27%,Shopping,"5,161", --,88,1.71%,0.79,1.00,1.14%,69.94,30.00,0.43,40.09%,60.01%, --,15.25%,28.78%, --,11.21%, --, --,Get directions: 1.00,Get directions: 30.00, --
2025-02-12,Enabled,Website traffic-Search-ZS-25/12/23, --,USD,50.00,Daily,Eligible (Limited),limited by budget; unknown,53.74,0.49,3.84,7.68%,Search,247, --,41,16.60%,1.31,2.49,6.07%,21.60,79.51,1.48,  10%,  10%,  10%,  10%,52.50%,53.00%,40.65%,41.60%, --,Contact: 3.00; Get directions: 2.00; Store visit: 0.49,Contact: 36.00; Get directions: 60.00; Store visit: 19.51,65.71%
2025-02-22,Enabled,Living Room Search - 4 Conversions - ZS, --,USD,50.00,Daily,Eligible (Limited),limited by budget; unknown,51.83,2.66,3.70,7.40%,Search,440, --,49,11.14%,1.06,4.66,9.51%,11.12,166.40,3.21,  10%,  10%,  10%,  10%,> 90%,> 90%,1.85%,1.67%, --,Get directions: 2.00; Store visit: 2.66,Get directions: 59.95; Store visit: 106.45,78.55%
2025-02-24,Enabled,Ewing Website Traffic - Radius Targeting - ZS - 30/12/24,Max. Clicks - Store Locations Radius Targeting  created on 1/3/2025 4:51 AM,USD,30.00,Daily,Eligible (Limited),limited by budget; most ads limited by policy,8.63,0.00,0.62,2.05%,Search,292, --,18,6.16%,0.48,0.00,0.00%,0.00,0.00,0.00,  10%,  10%,  10%,  10%,0.00%,0.00%,> 90%,> 90%, --,0,0,73.76%
2025-02-12,Enabled,Ewing Website Traffic - Radius Targeting - ZS - 30/12/24,Max. Clicks - Store Locations Radius Targeting  created on 1/3/2025 4:51 AM,USD,30.00,Daily,Eligible (Limited),limited by budget; most ads limited by policy,21.13,0.07,1.51,5.03%,Search,299, --,29,9.70%,0.73,2.07,7.15%,10.19,62.99,2.98,  10%,  10%,  10%,  10%,28.96%,28.50%,66.30%,66.98%,  10%,Get directions: 2.00; Store visit: 0.07,Get directions: 60.00; Store visit: 2.99,76.21%
2025-02-20,Enabled,Holiday S. Shopping - 27/12/24 - ZS, --,USD,50.00,Daily,Eligible,unknown,66.44,0.17,4.75,9.49%,Shopping,"5,318", --,57,1.07%,1.17,0.17,0.29%,395.49,6.72,0.10,40.90%,70.07%, --,21.68%,20.24%, --,9.68%, --, --,Store visit: 0.17,Store visit: 6.72, --
2025-02-25,Enabled,Allentown Website Traffic - Radius Targeting - ZS - 10/12/24,Max. Clicks - Store Locations Radius Targeting  created on 1/3/2025 4:51 AM,USD,30.00,Daily,Eligible (Limited),limited by budget; some ads limited by policy,15.15,0.00,1.08,3.61%,Search,194, --,24,12.37%,0.63,0.00,0.00%,0.00,0.00,0.00, --,  10%,  10%,  10%,15.45%,14.50%,77.25%,78.55%, --,0,0,69.30%
2025-02-17,Enabled,Website traffic feb 2025, --,USD,63.38,Daily,Eligible,unknown,0.01,0.00,0.00,0.00%,Search,50, --,1,2.00%,0.01,0.00,0.00%,0.00,0.00,0.00,  10%,  10%,  10%,  10%,0.00%,0.00%,> 90%,> 90%, --,0,0,14.29%
2025-02-16,Enabled,Website traffic feb 2025, --,USD,63.38,Daily,Eligible,unknown,1.35,0.00,0.10,0.15%,Search,49, --,3,6.12%,0.45,0.00,0.00%,0.00,0.00,0.00,  10%,  10%,  10%,  10%,0.00%,0.00%,> 90%,> 90%, --,0,0,33.33%
2025-02-18,Enabled,Website traffic-Search-ZS-25/12/23, --,USD,50.00,Daily,Eligible (Limited),limited by budget; unknown,49.56,1.00,3.54,7.08%,Search,308, --,45,14.61%,1.10,4.00,8.89%,12.39,130.00,2.62,  10%,  10%,  10%,  10%,52.70%,52.83%,40.91%,42.10%, --,Contact: 10.00; Get directions: 3.00; Store visit: 1.00,Contact: 120.00; Get directions: 90.00; Store visit: 40.00,68.72%
2025-02-13,Enabled,P.Max - 2 Conversions  - ZS, --,USD,50.00,Daily,Eligible (Limited),limited by budget; most asset groups limited by policy,51.97,5.96,3.71,7.42%,Performance Max,"8,682", --,76,0.88%,0.68,10.92,14.36%,4.76,387.15,7.45,  10%,  10%, --, --,0.04%, --,> 90%, --, --,Get directions: 4.95; Store visit: 5.96,Get directions: 148.61; Store visit: 238.55, --
2025-02-21,Enabled,Website traffic feb 2025, --,USD,63.38,Daily,Eligible,unknown,0.86,0.00,0.06,0.10%,Search,70, --,5,7.14%,0.17,0.00,0.00%,0.00,0.00,0.00,10.49%,  10%,  10%,  10%,0.00%,0.00%,> 90%,> 90%, --,0,0,50.00%
2025-02-19,Enabled,Website traffic feb 2025, --,USD,63.38,Daily,Eligible,unknown,0.21,0.00,0.01,0.02%,Search,48, --,3,6.25%,0.07,0.00,0.00%,0.00,0.00,0.00,10.14%,  10%,  10%,  10%,0.00%,0.00%,> 90%,> 90%, --,0,0,53.33%
2025-02-25,Enabled,Ewing Website Traffic - Radius Targeting - ZS - 30/12/24,Max. Clicks - Store Locations Radius Targeting  created on 1/3/2025 4:51 AM,USD,30.00,Daily,Eligible (Limited),limited by budget; most ads limited by policy,21.48,0.00,1.53,5.12%,Search,346, --,40,11.56%,0.54,0.00,0.00%,0.00,0.00,0.00, --,  10%,  10%,  10%,18.22%,17.32%,77.85%,79.38%, --,0,0,71.74%
2025-02-20,Enabled,Ewing Website Traffic - Radius Targeting - ZS - 30/12/24,Max. Clicks - Store Locations Radius Targeting  created on 1/3/2025 4:51 AM,USD,30.00,Daily,Eligible (Limited),limited by budget; most ads limited by policy,15.89,0.00,1.13,3.78%,Search,376, --,24,6.38%,0.66,1.00,4.17%,15.89,30.00,1.89,  10%,  10%,  10%,  10%,11.07%,10.75%,83.69%,84.12%, --,Get directions: 1.00,Get directions: 30.00,76.98%
2025-02-18,Enabled,Ewing Website Traffic - Radius Targeting - ZS - 30/12/24,Max. Clicks - Store Locations Radius Targeting  created on 1/3/2025 4:51 AM,USD,30.00,Daily,Eligible (Limited),limited by budget; most ads limited by policy,21.98,0.00,1.57,5.23%,Search,375, --,32,8.53%,0.69,1.00,3.13%,21.98,30.00,1.36,  10%,  10%,  10%,  10%,0.24%,0.19%,> 90%,> 90%,  10%,Get directions: 1.00,Get directions: 30.00,79.79%
2025-02-22,Enabled,Allentown Website Traffic - Radius Targeting - ZS - 10/12/24,Max. Clicks - Store Locations Radius Targeting  created on 1/3/2025 4:51 AM,USD,30.00,Daily,Eligible (Limited),limited by budget; some ads limited by policy,11.87,0.00,0.85,2.83%,Search,226, --,24,10.62%,0.49,0.00,0.00%,0.00,0.00,0.00,  10%,  10%,  10%,  10%,23.26%,23.37%,71.62%,72.53%, --,0,0,63.89%
2025-02-14,Enabled,Holiday S. Shopping - 27/12/24 - ZS, --,USD,50.00,Daily,Eligible,unknown,59.92,0.50,4.28,8.56%,Shopping,"3,936", --,57,1.45%,1.05,2.50,4.39%,23.97,80.00,1.34,47.31%,86.39%, --,12.72%,0.00%, --,13.61%, --, --,Contact: 1.00; Get directions: 2.00; Store visit: 0.50,Contact: 12.00; Get directions: 60.00; Store visit: 20.00, --
2025-02-17,Enabled,Living Room Search - 4 Conversions - ZS, --,USD,50.00,Daily,Eligible (Limited),limited by budget; unknown,66.71,1.50,4.76,9.53%,Search,538, --,39,7.25%,1.71,5.50,14.10%,12.13,180.00,2.70,  10%,  10%,  10%,  10%,83.87%,84.30%,8.47%,8.48%, --,Contact: 1.00; Get directions: 4.00; Store visit: 1.50,Contact: 12.00; Get directions: 120.00; Store visit: 60.00,79.92%
2025-02-19,Enabled,P.Max - 2 Conversions  - ZS, --,USD,50.00,Daily,Eligible (Limited),limited by budget; most asset groups limited by policy,57.27,8.86,4.09,8.18%,Performance Max,"6,237", --,101,1.62%,0.57,8.86,8.77%,6.46,354.39,6.19,  10%,  10%, --, --,9.44%, --,81.87%, --, --,Contact: 2.00; Get directions: 0.00; Phone call lead: 3.00; Store visit: 8.86,Contact: 24.00; Get directions: 0.05; Phone call lead: 60.00; Store visit: 354.34, --
2025-02-19,Enabled,Package Deals - P.Max - 2 Conversions  - ZS, --,USD,60.00,Daily,Eligible (Limited),limited by budget; unknown,61.38,6.87,4.38,7.31%,Performance Max,"15,879", --,143,0.90%,0.43,9.87,6.90%,6.22,364.79,5.94,  10%,36.55%, --, --,0.31%, --,63.14%, --, --,Get directions: 3.00; Phone call lead: 2.00; Store visit: 6.87,Get directions: 90.00; Phone call lead: 40.00; Store visit: 274.79, --
2025-02-12,Enabled,Package Deals - P.Max - 2 Conversions  - ZS, --,USD,60.00,Daily,Eligible (Limited),limited by budget; unknown,55.87,2.31,3.99,6.65%,Performance Max,"13,033", --,151,1.16%,0.37,2.31,1.53%,24.23,92.21,1.65,10.91%,28.41%, --, --,0.97%, --,70.62%, --, --,Contact: 5.00; Store visit: 2.31,Contact: 60.00; Store visit: 92.21, --
2025-02-21,Enabled,Living Room Search - 4 Conversions - ZS, --,USD,50.00,Daily,Eligible (Limited),limited by budget; unknown,50.24,3.00,3.59,7.18%,Search,458, --,45,9.83%,1.12,5.00,11.11%,10.05,180.00,3.58,  10%,  10%,  10%,  10%,88.85%,88.74%,2.43%,1.91%, --,Contact: 1.00; Get directions: 2.00; Store visit: 3.00,Contact: 12.00; Get directions: 60.00; Store visit: 120.00,83.60%
2025-02-18,Enabled,Living Room Search - 4 Conversions - ZS, --,USD,50.00,Daily,Eligible (Limited),limited by budget; unknown,52.90,2.19,3.78,7.56%,Search,568, --,49,8.63%,1.08,3.19,6.51%,16.59,117.57,2.22,  10%,  10%,  10%,  10%,82.70%,82.87%,8.59%,8.46%, --,Get directions: 1.00; Store visit: 2.19,Get directions: 30.00; Store visit: 87.57,83.96%
2025-02-24,Enabled,P.Max - Re.Mar. Existing Audience Segments - ZS, --,USD,25.00,Daily,Eligible (Limited),limited by budget; unknown,32.52,0.00,2.32,9.29%,Performance Max,"18,262", --,14,0.08%,2.32,0.00,0.00%,0.00,0.00,0.00,100.00%, --, --, --, --, --, --, --, --,0,0, --
2025-02-23,Enabled,P.Max - Re.Mar. Existing Audience Segments - ZS, --,USD,25.00,Daily,Eligible (Limited),limited by budget; unknown,12.92,0.00,0.92,3.69%,Performance Max,"9,888", --,9,0.09%,1.44,0.00,0.00%,0.00,0.00,0.00,  10%,  10%, --, --,0.00%, --,> 90%, --, --,0,0, --
2025-02-14,Enabled,Allentown Website Traffic - Radius Targeting - ZS - 10/12/24,Max. Clicks - Store Locations Radius Targeting  created on 1/3/2025 4:51 AM,USD,30.00,Daily,Eligible (Limited),limited by budget; some ads limited by policy,9.23,1.00,0.66,2.20%,Search,187, --,11,5.88%,0.84,1.00,9.09%,9.23,40.00,4.33,  10%,  10%,  10%,  10%,0.00%,0.00%,> 90%,> 90%,  10%,Store visit: 1.00,Store visit: 40.00,66.67%
2025-02-15,Enabled,Package Deals - P.Max - 2 Conversions  - ZS, --,USD,60.00,Daily,Eligible (Limited),limited by budget; unknown,72.50,9.51,5.18,8.63%,Performance Max,"11,731", --,130,1.11%,0.56,13.70,10.54%,5.29,506.12,6.98,  10%,30.12%, --, --,8.39%, --,61.49%, --, --,Contact: 5.00; Get directions: 4.20; Store visit: 9.51,Contact: 60.00; Get directions: 125.92; Store visit: 380.20, --
2025-02-14,Enabled,Package Deals - P.Max - 2 Conversions  - ZS, --,USD,60.00,Daily,Eligible (Limited),limited by budget; unknown,53.31,3.91,3.81,6.35%,Performance Max,"14,095", --,118,0.84%,0.45,4.91,4.16%,10.86,186.37,3.50,  10%,28.14%, --, --,0.09%, --,71.77%, --, --,Contact: 2.00; Get directions: 1.00; Store visit: 3.91,Contact: 24.00; Get directions: 30.00; Store visit: 156.37, --
2025-02-24,Enabled,Website traffic-Search-ZS-25/12/23, --,USD,50.00,Daily,Eligible (Limited),limited by budget; unknown,46.48,0.00,3.32,6.64%,Search,296, --,43,14.53%,1.08,2.50,5.81%,18.59,75.00,1.61,  10%,  10%,  10%,  10%,64.60%,64.76%,27.70%,28.69%, --,Get directions: 2.50; Phone call lead: 1.00,Get directions: 75.00; Phone call lead: 20.00,73.61%
2025-02-21,Enabled,P.Max - 2 Conversions  - ZS, --,USD,50.00,Daily,Eligible (Limited),limited by budget; most asset groups limited by policy,50.66,4.35,3.62,7.24%,Performance Max,"8,703", --,151,1.74%,0.34,8.18,5.42%,6.19,289.06,5.71,12.41%,  10%, --, --,0.00%, --,> 90%, --, --,Contact: 13.00; Get directions: 3.83; Phone call lead: 1.00; Store visit: 4.35,Contact: 156.00; Get directions: 114.86; Phone call lead: 20.00; Store visit: 174.19, --
2025-02-14,Enabled,Reading Website Traffic - Radius Targeting - ZS - 5/12/24,Max. Clicks - Store Locations Radius Targeting  created on 1/3/2025 4:51 AM,USD,30.00,Daily,Eligible (Limited),limited by budget; some ads limited by policy,2.85,0.00,0.20,0.68%,Search,59, --,4,6.78%,0.71,0.00,0.00%,0.00,0.00,0.00,  10%,  10%,  10%,  10%,0.00%,0.00%,> 90%,> 90%,  10%,0,0,64.29%
2025-02-12,Enabled,Allentown Website Traffic - Radius Targeting - ZS - 10/12/24,Max. Clicks - Store Locations Radius Targeting  created on 1/3/2025 4:51 AM,USD,30.00,Daily,Eligible (Limited),limited by budget; some ads limited by policy,11.34,1.00,0.81,2.70%,Search,139, --,14,10.07%,0.81,1.00,7.14%,11.34,40.00,3.53,  10%,  10%,  10%,  10%,26.62%,26.58%,66.91%,67.87%,  10%,Store visit: 1.00,Store visit: 40.00,70.79%
2025-02-24,Enabled,Allentown Website Traffic - Radius Targeting - ZS - 10/12/24,Max. Clicks - Store Locations Radius Targeting  created on 1/3/2025 4:51 AM,USD,30.00,Daily,Eligible (Limited),limited by budget; some ads limited by policy,11.54,0.00,0.82,2.75%,Search,204, --,22,10.78%,0.52,1.00,4.55%,11.54,30.00,2.60,10.31%,  10%,  10%,  10%,0.00%,0.00%,> 90%,> 90%, --,Get directions: 1.00,Get directions: 30.00,72.73%
2025-02-14,Enabled,Living Room Search - 4 Conversions - ZS, --,USD,50.00,Daily,Eligible (Limited),limited by budget; unknown,54.60,2.00,3.90,7.80%,Search,378, --,41,10.85%,1.33,4.00,9.76%,13.65,140.00,2.56,  10%,  10%,  10%,  10%,82.26%,82.96%,8.01%,7.75%, --,Get directions: 2.00; Store visit: 2.00,Get directions: 60.00; Store visit: 80.00,79.36%
2025-02-19,Enabled,P.Max - Re.Mar. Existing Audience Segments - ZS, --,USD,25.00,Daily,Eligible (Limited),limited by budget; unknown,25.22,31.00,1.80,7.20%,Performance Max,"16,692", --,15,0.09%,1.68,31.00,0.00%,0.81,"1,240.00",49.17,  10%,  10%, --, --,0.00%, --,> 90%, --, --,0,0, --
2025-02-18,Enabled,P.Max - 2 Conversions  - ZS, --,USD,50.00,Daily,Eligible (Limited),limited by budget; most asset groups limited by policy,58.93,6.41,4.21,8.42%,Performance Max,"7,822", --,105,1.34%,0.56,8.41,8.01%,7.01,316.36,5.37,12.87%,  10%, --, --,0.48%, --,89.87%, --, --,Contact: 1.00; Get directions: 2.00; Store visit: 6.41,Contact: 12.00; Get directions: 60.00; Store visit: 256.36, --
2025-02-14,Enabled,P.Max - 2 Conversions  - ZS, --,USD,50.00,Daily,Eligible (Limited),limited by budget; most asset groups limited by policy,55.68,7.31,3.98,7.95%,Performance Max,"9,786", --,75,0.77%,0.74,8.31,11.08%,6.70,322.50,5.79,  10%,  10%, --, --,0.20%, --,> 90%, --, --,Contact: 2.00; Get directions: 1.00; Store visit: 7.31,Contact: 24.00; Get directions: 30.00; Store visit: 292.50, --
2025-02-16,Enabled,Package Deals - P.Max - 2 Conversions  - ZS, --,USD,60.00,Daily,Eligible (Limited),limited by budget; unknown,61.63,5.96,4.40,7.34%,Performance Max,"11,767", --,139,1.18%,0.44,10.95,7.88%,5.63,388.11,6.30,  10%,30.23%, --, --,0.11%, --,69.65%, --, --,Get directions: 4.99; Store visit: 5.96,Get directions: 149.85; Store visit: 238.26, --
2025-02-17,Enabled,S. Shopping - Selected Products - 26/12/24 -ZS, --,USD,35.00,Daily,Eligible,unknown,9.35,1.00,0.67,1.91%,Shopping,904, --,15,1.66%,0.62,1.00,6.67%,9.35,40.00,4.28,31.22%,73.55%, --,  10%,0.00%, --,26.45%, --, --,Store visit: 1.00,Store visit: 40.00, --
2025-02-21,Enabled,S. Shopping - Selected Products - 26/12/24 -ZS, --,USD,35.00,Daily,Eligible,unknown,9.83,0.00,0.70,2.01%,Shopping,810, --,11,1.36%,0.89,0.00,0.00%,0.00,0.00,0.00,47.49%,80.17%, --,15.51%,3.66%, --,16.17%, --, --,0,0, --
2025-02-19,Enabled,Website traffic-Search-ZS-25/12/23, --,USD,50.00,Daily,Eligible (Limited),limited by budget; unknown,48.90,1.00,3.49,6.99%,Search,240, --,42,17.50%,1.16,1.00,2.38%,48.90,40.00,0.82,  10%,  10%,  10%,  10%,57.64%,57.66%,35.04%,36.50%, --,Contact: 7.00; Store visit: 1.00,Contact: 84.00; Store visit: 40.00,68.82%
2025-02-25,Enabled,Living Room Search - 4 Conversions - ZS, --,USD,50.00,Daily,Eligible (Limited),limited by budget; unknown,50.25,0.00,3.59,7.18%,Search,574, --,52,9.06%,0.97,1.33,2.56%,37.68,40.00,0.80, --,  10%,  10%,  10%,86.97%,87.41%,3.81%,3.09%, --,Get directions: 1.33,Get directions: 40.00,83.15%
2025-02-25,Enabled,P.Max - Re.Mar. Existing Audience Segments - ZS, --,USD,25.00,Daily,Eligible (Limited),limited by budget; unknown,26.29,0.00,1.88,7.51%,Performance Max,"17,190", --,16,0.09%,1.64,0.00,0.00%,0.00,0.00,0.00, --, --, --, --, --, --, --, --, --,0,0, --
2025-02-15,Enabled,P.Max - Re.Mar. Existing Audience Segments - ZS, --,USD,25.00,Daily,Eligible (Limited),limited by budget; unknown,25.43,46.00,1.82,7.27%,Performance Max,"16,090", --,13,0.08%,1.96,48.00,23.08%,0.53,"1,864.00",73.31,  10%,  10%, --, --,0.00%, --,> 90%, --, --,Contact: 2.00; Get directions: 1.00; Store visit: 1.00,Contact: 24.00; Get directions: 30.00; Store visit: 40.00, --
2025-02-16,Enabled,Ewing Website Traffic - Radius Targeting - ZS - 30/12/24,Max. Clicks - Store Locations Radius Targeting  created on 1/3/2025 4:51 AM,USD,30.00,Daily,Eligible (Limited),limited by budget; most ads limited by policy,19.28,0.00,1.38,4.59%,Search,413, --,29,7.02%,0.66,0.00,0.00%,0.00,0.00,0.00,  10%,  10%,  10%,  10%,51.64%,51.49%,44.22%,44.64%, --,Contact: 1.00,Contact: 12.00,77.59%
2025-02-18,Enabled,Reading Website Traffic - Radius Targeting - ZS - 5/12/24,Max. Clicks - Store Locations Radius Targeting  created on 1/3/2025 4:51 AM,USD,30.00,Daily,Eligible (Limited),limited by budget; some ads limited by policy,2.07,0.00,0.15,0.49%,Search,65, --,3,4.62%,0.69,0.00,0.00%,0.00,0.00,0.00,  10%,  10%,  10%,  10%,0.00%,0.00%,> 90%,> 90%, --,Phone call lead: 1.00,Phone call lead: 20.00,59.09%
2025-02-25,Enabled,Holiday S. Shopping - 27/12/24 - ZS, --,USD,50.00,Daily,Eligible,unknown,42.72,0.00,3.05,6.10%,Shopping,"3,758", --,51,1.36%,0.84,4.00,7.84%,10.68,120.00,2.81, --, --, --, --, --, --, --, --, --,Get directions: 4.00,Get directions: 120.00, --
2025-02-16,Enabled,P.Max - 2 Conversions  - ZS, --,USD,50.00,Daily,Eligible (Limited),limited by budget; most asset groups limited by policy,50.32,5.59,3.59,7.19%,Performance Max,"5,227", --,126,2.41%,0.40,6.59,5.23%,7.63,253.64,5.04,14.63%,  10%, --, --,0.63%, --,> 90%, --, --,Contact: 4.00; Get directions: 1.00; Store visit: 5.59,Contact: 48.00; Get directions: 30.00; Store visit: 223.64, --
2025-02-18,Enabled,Package Deals - P.Max - 2 Conversions  - ZS, --,USD,60.00,Daily,Eligible (Limited),limited by budget; unknown,63.64,1.87,4.55,7.58%,Performance Max,"12,948", --,144,1.11%,0.44,5.87,4.08%,10.84,194.80,3.06,10.16%,33.34%, --, --,0.30%, --,66.36%, --, --,Contact: 1.00; Get directions: 4.00; Store visit: 1.87,Contact: 12.00; Get directions: 120.00; Store visit: 74.80, --
2025-02-18,Enabled,S. Shopping - Selected Products - 26/12/24 -ZS, --,USD,35.00,Daily,Eligible,unknown,23.68,1.50,1.69,4.83%,Shopping,"2,144", --,28,1.31%,0.85,1.50,5.36%,15.79,60.00,2.53,56.07%,84.78%, --,19.45%,0.00%, --,15.22%, --, --,Store visit: 1.50,Store visit: 60.00, --
2025-02-14,Enabled,S. Shopping - Selected Products - 26/12/24 -ZS, --,USD,35.00,Daily,Eligible,unknown,17.27,1.00,1.23,3.52%,Shopping,"2,333", --,27,1.16%,0.64,1.00,3.70%,17.27,40.00,2.32,32.37%,73.88%, --,  10%,2.82%, --,23.31%, --, --,Store visit: 1.00,Store visit: 40.00, --
2025-02-21,Enabled,Package Deals - P.Max - 2 Conversions  - ZS, --,USD,60.00,Daily,Eligible (Limited),limited by budget; unknown,57.12,5.82,4.08,6.80%,Performance Max,"13,585", --,170,1.25%,0.34,8.82,5.19%,6.47,322.99,5.65,10.22%,32.88%, --, --,1.16%, --,65.95%, --, --,Contact: 4.00; Get directions: 3.00; Phone call lead: 1.00; Store visit: 5.82,Contact: 48.00; Get directions: 90.00; Phone call lead: 20.00; Store visit: 232.99, --
2025-02-19,Enabled,S. Shopping - Selected Products - 26/12/24 -ZS, --,USD,35.00,Daily,Eligible,unknown,69.63,0.50,4.97,14.21%,Shopping,"3,655", --,52,1.42%,1.34,3.17,6.09%,21.99,100.00,1.44,66.00%,92.10%, --,36.54%,0.00%, --,7.90%, --, --,Get directions: 2.67; Store visit: 0.50,Get directions: 80.00; Store visit: 20.00, --
2025-02-14,Enabled,Website traffic feb 2025, --,USD,63.38,Daily,Eligible,unknown,1.00,0.00,0.07,0.11%,Search,39, --,1,2.56%,1.00,0.00,0.00%,0.00,0.00,0.00,  10%,  10%,  10%,  10%,0.00%,0.00%,> 90%,> 90%, --,0,0,40.00%
2025-02-13,Enabled,Website traffic feb 2025, --,USD,63.38,Daily,Eligible,unknown,1.10,0.00,0.08,0.12%,Search,31, --,1,3.23%,1.10,0.00,0.00%,0.00,0.00,0.00,  10%,  10%,  10%,  10%,0.00%,0.00%,> 90%,> 90%, --,0,0,40.00%
2025-02-15,Enabled,Living Room Search - 4 Conversions - ZS, --,USD,50.00,Daily,Eligible (Limited),limited by budget; unknown,54.78,3.00,3.91,7.83%,Search,571, --,43,7.53%,1.27,5.00,11.63%,10.96,180.00,3.29,  10%,  10%,  10%,  10%,85.94%,86.39%,5.83%,6.11%, --,Get directions: 2.00; Phone call lead: 1.00; Store visit: 3.00,Get directions: 60.00; Phone call lead: 20.00; Store visit: 120.00,77.41%
2025-02-21,Enabled,Ewing Website Traffic - Radius Targeting - ZS - 30/12/24,Max. Clicks - Store Locations Radius Targeting  created on 1/3/2025 4:51 AM,USD,30.00,Daily,Eligible (Limited),limited by budget; most ads limited by policy,15.26,0.00,1.09,3.63%,Search,266, --,27,10.15%,0.57,1.00,3.70%,15.26,30.00,1.97,  10%,  10%,  10%,  10%,23.73%,23.38%,72.38%,72.39%, --,Get directions: 1.00,Get directions: 30.00,84.04%
2025-02-24,Enabled,Holiday S. Shopping - 27/12/24 - ZS, --,USD,50.00,Daily,Eligible,unknown,8.91,0.00,0.64,1.27%,Shopping,"1,506", --,16,1.06%,0.56,1.00,6.25%,8.91,30.00,3.37, --, --, --, --, --, --, --, --, --,Get directions: 1.00,Get directions: 30.00, --
2025-02-25,Enabled,Package Deals - P.Max - 2 Conversions  - ZS, --,USD,60.00,Daily,Eligible (Limited),limited by budget; unknown,57.41,0.00,4.10,6.83%,Performance Max,"12,079", --,195,1.61%,0.29,4.67,2.39%,12.30,140.00,2.44, --,12.54%, --, --,0.22%, --,87.24%, --, --,Get directions: 4.67; Phone call lead: 2.00,Get directions: 140.00; Phone call lead: 40.00, --
2025-02-22,Enabled,S. Shopping - Selected Products - 26/12/24 -ZS, --,USD,35.00,Daily,Eligible,unknown,39.20,2.00,2.80,8.00%,Shopping,"4,123", --,51,1.24%,0.77,3.00,5.88%,13.07,110.00,2.81,51.01%,82.59%, --,15.27%,0.03%, --,17.39%, --, --,Get directions: 1.00; Store visit: 2.00,Get directions: 30.00; Store visit: 80.00, --
2025-02-24,Enabled,Package Deals - P.Max - 2 Conversions  - ZS, --,USD,60.00,Daily,Eligible (Limited),limited by budget; unknown,67.98,0.00,4.86,8.09%,Performance Max,"14,033", --,179,1.28%,0.38,4.00,2.23%,16.99,120.00,1.77,  10%,11.94%, --, --,10.11%, --,77.95%, --, --,Get directions: 4.00; Phone call lead: 3.00,Get directions: 120.00; Phone call lead: 60.00, --
2025-02-17,Enabled,Website traffic-Search-ZS-25/12/23, --,USD,50.00,Daily,Eligible (Limited),limited by budget; unknown,50.71,3.50,3.62,7.24%,Search,372, --,44,11.83%,1.15,6.50,14.77%,7.80,230.00,4.54,  10%,  10%,  10%,  10%,52.45%,52.41%,41.39%,42.98%, --,Contact: 2.00; Get directions: 3.00; Store visit: 3.50,Contact: 24.00; Get directions: 90.00; Store visit: 140.00,65.16%
2025-02-16,Enabled,Living Room Search - 4 Conversions - ZS, --,USD,50.00,Daily,Eligible (Limited),limited by budget; unknown,55.08,1.19,3.93,7.87%,Search,469, --,48,10.23%,1.15,1.19,2.48%,46.19,47.69,0.87,  10%,  10%,  10%,  10%,86.31%,87.08%,5.62%,5.70%, --,Store visit: 1.19,Store visit: 47.69,76.91%
2025-02-20,Enabled,P.Max - Re.Mar. Existing Audience Segments - ZS, --,USD,25.00,Daily,Eligible (Limited),limited by budget; unknown,25.88,43.50,1.85,7.39%,Performance Max,"15,545", --,6,0.04%,4.31,43.50,8.36%,0.59,"1,740.05",67.24,  10%,  10%, --, --,0.00%, --,> 90%, --, --,Store visit: 0.50,Store visit: 20.05, --
2025-02-12,Enabled,P.Max - Re.Mar. Existing Audience Segments - ZS, --,USD,25.00,Daily,Eligible (Limited),limited by budget; unknown,23.22,27.00,1.66,6.63%,Performance Max,"15,277", --,7,0.05%,3.32,27.00,28.57%,0.86,"1,080.00",46.52,  10%,  10%, --, --,0.00%, --,> 90%, --, --,Store visit: 2.00,Store visit: 80.00, --
2025-02-24,Enabled,Website traffic feb 2025, --,USD,63.38,Daily,Eligible,unknown,0.10,0.00,0.01,0.01%,Search,66, --,10,15.15%,0.01,1.00,10.00%,0.10,30.00,315.79,  10%,  10%,  10%,  10%,0.00%,0.00%,> 90%,> 90%, --,Get directions: 1.00,Get directions: 30.00,44.44%
2025-02-14,Enabled,Ewing Website Traffic - Radius Targeting - ZS - 30/12/24,Max. Clicks - Store Locations Radius Targeting  created on 1/3/2025 4:51 AM,USD,30.00,Daily,Eligible (Limited),limited by budget; most ads limited by policy,14.32,0.00,1.02,3.41%,Search,260, --,20,7.69%,0.72,1.00,5.00%,14.32,30.00,2.10,  10%,  10%,  10%,  10%,0.00%,0.00%,> 90%,> 90%,  10%,Contact: 4.00; Get directions: 1.00; Phone call lead: 1.00,Contact: 48.00; Get directions: 30.00; Phone call lead: 20.00,72.45%
2025-02-15,Enabled,Ewing Website Traffic - Radius Targeting - ZS - 30/12/24,Max. Clicks - Store Locations Radius Targeting  created on 1/3/2025 4:51 AM,USD,30.00,Daily,Eligible (Limited),limited by budget; most ads limited by policy,17.99,0.00,1.29,4.28%,Search,329, --,24,7.29%,0.75,0.00,0.00%,0.00,0.00,0.00,  10%,  10%,  10%,  10%,51.62%,51.58%,44.88%,45.39%,  10%,Phone call lead: 2.00,Phone call lead: 40.00,73.82%
2025-02-17,Enabled,Reading Website Traffic - Radius Targeting - ZS - 5/12/24,Max. Clicks - Store Locations Radius Targeting  created on 1/3/2025 4:51 AM,USD,30.00,Daily,Eligible (Limited),limited by budget; some ads limited by policy,3.95,0.00,0.28,0.94%,Search,63, --,6,9.52%,0.66,0.00,0.00%,0.00,0.00,0.00,  10%,  10%,  10%,  10%,21.06%,21.09%,74.85%,76.20%, --,Contact: 1.00,Contact: 12.00,55.00%
2025-02-13,Enabled,Reading Website Traffic - Radius Targeting - ZS - 5/12/24,Max. Clicks - Store Locations Radius Targeting  created on 1/3/2025 4:51 AM,USD,30.00,Daily,Eligible (Limited),limited by budget; some ads limited by policy,1.80,0.00,0.13,0.43%,Search,65, --,3,4.62%,0.60,0.00,0.00%,0.00,0.00,0.00,  10%,  10%,  10%,  10%,8.87%,8.86%,85.83%,87.18%,  10%,0,0,62.50%
2025-02-12,Enabled,Holiday S. Shopping - 27/12/24 - ZS, --,USD,50.00,Daily,Eligible,unknown,38.71,0.00,2.77,5.53%,Shopping,"3,664", --,51,1.39%,0.76,0.00,0.00%,0.00,0.00,0.00,35.26%,77.54%, --,  10%,9.69%, --,12.77%, --, --,0,0, --
2025-02-23,Enabled,Allentown Website Traffic - Radius Targeting - ZS - 10/12/24,Max. Clicks - Store Locations Radius Targeting  created on 1/3/2025 4:51 AM,USD,30.00,Daily,Eligible (Limited),limited by budget; some ads limited by policy,8.66,0.00,0.62,2.06%,Search,198, --,16,8.08%,0.54,3.00,18.75%,2.89,90.00,10.39,  10%,  10%,  10%,  10%,4.30%,4.02%,> 90%,> 90%, --,Get directions: 3.00,Get directions: 90.00,61.62%
2025-02-19,Enabled,Allentown Website Traffic - Radius Targeting - ZS - 10/12/24,Max. Clicks - Store Locations Radius Targeting  created on 1/3/2025 4:51 AM,USD,30.00,Daily,Eligible (Limited),limited by budget; some ads limited by policy,5.70,0.00,0.41,1.36%,Search,160, --,9,5.63%,0.63,0.00,0.00%,0.00,0.00,0.00,  10%,  10%,  10%,  10%,7.92%,6.95%,85.52%,87.18%, --,0,0,72.64%
2025-02-16,Enabled,Allentown Website Traffic - Radius Targeting - ZS - 10/12/24,Max. Clicks - Store Locations Radius Targeting  created on 1/3/2025 4:51 AM,USD,30.00,Daily,Eligible (Limited),limited by budget; some ads limited by policy,13.60,0.00,0.97,3.24%,Search,252, --,22,8.73%,0.62,0.00,0.00%,0.00,0.00,0.00,  10%,  10%,  10%,  10%,50.85%,51.18%,43.03%,44.05%, --,0,0,66.45%
2025-02-22,Enabled,Package Deals - P.Max - 2 Conversions  - ZS, --,USD,60.00,Daily,Eligible (Limited),limited by budget; unknown,60.31,3.34,4.31,7.18%,Performance Max,"11,093", --,151,1.36%,0.40,3.85,2.55%,15.66,148.98,2.47,  10%,24.52%, --, --,7.53%, --,67.96%, --, --,Contact: 9.00; Get directions: 0.51; Store visit: 3.34,Contact: 108.00; Get directions: 15.21; Store visit: 133.76, --
2025-02-21,Enabled,Website traffic-Search-ZS-25/12/23, --,USD,50.00,Daily,Eligible (Limited),limited by budget; unknown,50.52,6.50,3.61,7.22%,Search,491, --,65,13.24%,0.78,8.50,13.08%,5.94,320.00,6.33,  10%,10.32%,  10%,  10%,68.43%,69.74%,21.25%,21.69%, --,Contact: 1.00; Get directions: 2.00; Phone call lead: 1.00; Store visit: 6.50,Contact: 12.00; Get directions: 60.00; Phone call lead: 20.00; Store visit: 260.00,69.91%
2025-02-19,Enabled,Living Room Search - 4 Conversions - ZS, --,USD,50.00,Daily,Eligible (Limited),limited by budget; unknown,51.23,3.28,3.66,7.32%,Search,461, --,57,12.36%,0.90,4.28,7.51%,11.96,161.27,3.15,  10%,  10%,10.25%,  10%,85.11%,85.35%,5.08%,4.40%, --,Contact: 3.00; Get directions: 1.00; Phone call lead: 1.00; Store visit: 3.28,Contact: 36.00; Get directions: 30.00; Phone call lead: 20.00; Store visit: 131.27,83.63%
2025-02-22,Enabled,Website traffic feb 2025, --,USD,63.38,Daily,Eligible,unknown,2.70,0.00,0.19,0.30%,Search,131, --,15,11.45%,0.18,0.00,0.00%,0.00,0.00,0.00,14.11%,  10%,  10%,  10%,0.00%,0.00%,> 90%,> 90%, --,0,0,38.60%
2025-02-23,Enabled,Ewing Website Traffic - Radius Targeting - ZS - 30/12/24,Max. Clicks - Store Locations Radius Targeting  created on 1/3/2025 4:51 AM,USD,30.00,Daily,Eligible (Limited),limited by budget; most ads limited by policy,9.03,0.00,0.65,2.15%,Search,250, --,19,7.60%,0.48,0.00,0.00%,0.00,0.00,0.00,  10%,  10%,  10%,  10%,4.84%,4.46%,> 90%,> 90%, --,0,0,67.15%
2025-02-15,Enabled,Reading Website Traffic - Radius Targeting - ZS - 5/12/24,Max. Clicks - Store Locations Radius Targeting  created on 1/3/2025 4:51 AM,USD,30.00,Daily,Eligible (Limited),limited by budget; some ads limited by policy,6.49,0.00,0.46,1.54%,Search,64, --,9,14.06%,0.72,0.00,0.00%,0.00,0.00,0.00,  10%,  10%,  10%,  10%,50.05%,49.89%,45.22%,45.83%, --,0,0,78.00%
2025-02-22,Enabled,P.Max - 2 Conversions  - ZS, --,USD,50.00,Daily,Eligible (Limited),limited by budget; most asset groups limited by policy,54.25,6.45,3.87,7.75%,Performance Max,"4,249", --,128,3.01%,0.42,10.78,8.42%,5.03,387.92,7.15,12.54%,  10%, --, --,39.29%, --,50.85%, --, --,Contact: 2.00; Get directions: 4.34; Store visit: 6.45,Contact: 24.00; Get directions: 130.08; Store visit: 257.85, --
2025-02-23,Enabled,Website traffic-Search-ZS-25/12/23, --,USD,50.00,Daily,Eligible (Limited),limited by budget; unknown,45.81,0.00,3.27,6.54%,Search,361, --,64,17.73%,0.72,1.99,3.11%,22.99,59.77,1.30,  10%,  10%,  10%,  10%,79.33%,81.08%,11.89%,12.34%, --,Contact: 1.00; Get directions: 1.99,Contact: 12.00; Get directions: 59.77,64.92%
2025-02-15,Enabled,Website traffic-Search-ZS-25/12/23, --,USD,50.00,Daily,Eligible (Limited),limited by budget; unknown,54.72,11.29,3.91,7.82%,Search,376, --,55,14.63%,0.99,11.29,20.53%,4.85,451.65,8.25,  10%,  10%,  10%,  10%,71.78%,72.51%,21.27%,22.02%, --,Contact: 15.00; Phone call lead: 1.00; Store visit: 11.29,Contact: 180.00; Phone call lead: 20.00; Store visit: 451.65,67.24%
2025-02-25,Enabled,Website traffic-Search-ZS-25/12/23, --,USD,50.00,Daily,Eligible (Limited),limited by budget; unknown,48.46,0.00,3.46,6.92%,Search,476, --,70,14.71%,0.69,2.00,2.86%,24.23,60.00,1.24, --,  10%,  10%,  10%,68.69%,69.44%,21.55%,22.57%, --,Get directions: 2.00,Get directions: 60.00,71.90%
2025-02-19,Enabled,Holiday S. Shopping - 27/12/24 - ZS, --,USD,50.00,Daily,Eligible,unknown,86.31,0.30,6.16,12.33%,Shopping,"4,736", --,62,1.31%,1.39,2.63,4.24%,32.83,81.83,0.95,54.64%,80.25%, --,22.19%,11.66%, --,8.09%, --, --,Get directions: 2.33; Store visit: 0.30,Get directions: 70.00; Store visit: 11.83, --
2025-02-17,Enabled,Allentown Website Traffic - Radius Targeting - ZS - 10/12/24,Max. Clicks - Store Locations Radius Targeting  created on 1/3/2025 4:51 AM,USD,30.00,Daily,Eligible (Limited),limited by budget; some ads limited by policy,13.77,0.00,0.98,3.28%,Search,200, --,17,8.50%,0.81,0.00,0.00%,0.00,0.00,0.00,  10%,  10%,  10%,  10%,24.19%,23.64%,70.97%,72.17%,  10%,0,0,71.30%
2025-02-15,Enabled,Allentown Website Traffic - Radius Targeting - ZS - 10/12/24,Max. Clicks - Store Locations Radius Targeting  created on 1/3/2025 4:51 AM,USD,30.00,Daily,Eligible (Limited),limited by budget; some ads limited by policy,23.83,1.00,1.70,5.67%,Search,232, --,27,11.64%,0.88,1.00,3.70%,23.83,40.00,1.68,  10%,  10%,  10%,  10%,50.99%,50.97%,44.06%,45.10%, --,Store visit: 1.00,Store visit: 40.00,68.00%
2025-02-25,Enabled,Website traffic feb 2025, --,USD,63.38,Daily,Eligible,unknown,0.06,0.00,0.00,0.01%,Search,57, --,6,10.53%,0.01,0.00,0.00%,0.00,0.00,0.00, --,  10%,  10%,  10%,0.00%,0.00%,> 90%,> 90%, --,0,0,51.85%
2025-02-15,Enabled,P.Max - 2 Conversions  - ZS, --,USD,50.00,Daily,Eligible (Limited),limited by budget; most asset groups limited by policy,58.70,3.50,4.19,8.39%,Performance Max,"5,146", --,94,1.83%,0.62,8.00,8.51%,7.34,275.00,4.68,  10%,  10%, --, --,34.37%, --,58.17%, --, --,Contact: 2.00; Get directions: 4.50; Store visit: 3.50,Contact: 24.00; Get directions: 135.00; Store visit: 140.00, --
2025-02-20,Enabled,Package Deals - P.Max - 2 Conversions  - ZS, --,USD,60.00,Daily,Eligible (Limited),limited by budget; unknown,60.70,8.48,4.34,7.23%,Performance Max,"16,205", --,167,1.03%,0.36,8.48,5.08%,7.16,339.13,5.59,10.23%,29.10%, --, --,3.30%, --,67.60%, --, --,Contact: 3.00; Phone call lead: 1.00; Store visit: 8.48,Contact: 36.00; Phone call lead: 20.00; Store visit: 339.13, --
2025-02-15,Enabled,S. Shopping - Selected Products - 26/12/24 -ZS, --,USD,35.00,Daily,Eligible,unknown,7.94,1.00,0.57,1.62%,Shopping,"1,554", --,12,0.77%,0.66,1.00,8.33%,7.94,40.00,5.04,28.92%,66.16%, --,  10%,0.07%, --,33.76%, --, --,Store visit: 1.00,Store visit: 40.00, --
2025-02-22,Enabled,Website traffic-Search-ZS-25/12/23, --,USD,50.00,Daily,Eligible (Limited),limited by budget; unknown,53.97,0.19,3.85,7.71%,Search,331, --,61,18.43%,0.88,1.19,1.95%,45.26,37.69,0.70,  10%,  10%,  10%,  10%,68.92%,68.84%,24.63%,25.97%, --,Contact: 5.00; Get directions: 1.00; Phone call lead: 1.00; Store visit: 0.19,Contact: 60.00; Get directions: 30.00; Phone call lead: 20.00; Store visit: 7.69,70.59%
2025-02-14,Enabled,Website traffic-Search-ZS-25/12/23, --,USD,50.00,Daily,Eligible (Limited),limited by budget; unknown,50.25,1.67,3.59,7.18%,Search,318, --,38,11.95%,1.32,4.67,12.30%,10.75,156.90,3.12,  10%,  10%,  10%,  10%,49.16%,49.45%,43.67%,45.28%, --,Contact: 6.00; Get directions: 3.00; Store visit: 1.67,Contact: 72.00; Get directions: 90.00; Store visit: 66.90,63.59%
2025-02-20,Enabled,Reading Website Traffic - Radius Targeting - ZS - 5/12/24,Max. Clicks - Store Locations Radius Targeting  created on 1/3/2025 4:51 AM,USD,30.00,Daily,Eligible (Limited),limited by budget; some ads limited by policy,5.39,0.00,0.38,1.28%,Search,85, --,8,9.41%,0.67,0.00,0.00%,0.00,0.00,0.00,  10%,  10%,  10%,  10%,6.64%,6.78%,87.26%,88.43%, --,0,0,64.44%
2025-02-15,Enabled,Holiday S. Shopping - 27/12/24 - ZS, --,USD,50.00,Daily,Eligible,unknown,75.66,0.25,5.40,10.81%,Shopping,"4,433", --,64,1.44%,1.18,2.25,3.52%,33.63,70.00,0.93,42.35%,82.18%, --,10.51%,4.14%, --,13.68%, --, --,Get directions: 2.00; Store visit: 0.25,Get directions: 60.00; Store visit: 10.00, --
2025-02-16,Enabled,Website traffic-Search-ZS-25/12/23, --,USD,50.00,Daily,Eligible (Limited),limited by budget; unknown,56.16,1.00,4.01,8.02%,Search,385, --,50,12.99%,1.12,2.00,4.00%,28.08,70.00,1.25,  10%,  10%,  10%,  10%,53.91%,53.94%,41.33%,42.32%, --,Contact: 3.00; Get directions: 1.00; Store visit: 1.00,Contact: 36.00; Get directions: 30.00; Store visit: 40.00,68.82%
2025-02-18,Enabled,P.Max - Re.Mar. Existing Audience Segments - ZS, --,USD,25.00,Daily,Eligible (Limited),limited by budget; unknown,23.52,35.00,1.68,6.72%,Performance Max,"16,856", --,23,0.14%,1.02,35.00,4.35%,0.67,"1,400.00",59.53,  10%,  10%, --, --,0.00%, --,> 90%, --, --,Store visit: 1.00,Store visit: 40.00, --
2025-02-16,Enabled,P.Max - Re.Mar. Existing Audience Segments - ZS, --,USD,25.00,Daily,Eligible (Limited),limited by budget; unknown,16.64,25.00,1.19,4.75%,Performance Max,"11,540", --,12,0.10%,1.39,25.00,0.00%,0.67,"1,000.00",60.11,  10%,  10%, --, --,0.00%, --,> 90%, --, --,0,0, --
2025-02-19,Enabled,Ewing Website Traffic - Radius Targeting - ZS - 30/12/24,Max. Clicks - Store Locations Radius Targeting  created on 1/3/2025 4:51 AM,USD,30.00,Daily,Eligible (Limited),limited by budget; most ads limited by policy,18.67,0.00,1.33,4.45%,Search,336, --,29,8.63%,0.64,0.00,0.00%,0.00,0.00,0.00,  10%,  10%,  10%,  10%,8.89%,8.42%,86.89%,87.60%, --,Contact: 1.00,Contact: 12.00,75.00%
2025-02-22,Enabled,Reading Website Traffic - Radius Targeting - ZS - 5/12/24,Max. Clicks - Store Locations Radius Targeting  created on 1/3/2025 4:51 AM,USD,30.00,Daily,Eligible (Limited),limited by budget; some ads limited by policy,5.44,0.00,0.39,1.30%,Search,101, --,15,14.85%,0.36,1.00,6.67%,5.44,30.00,5.51,  10%,  10%,  10%,  10%,21.03%,21.22%,72.42%,72.82%, --,Contact: 2.00; Get directions: 1.00,Contact: 24.00; Get directions: 30.00,76.06%
2025-02-16,Enabled,Reading Website Traffic - Radius Targeting - ZS - 5/12/24,Max. Clicks - Store Locations Radius Targeting  created on 1/3/2025 4:51 AM,USD,30.00,Daily,Eligible (Limited),limited by budget; some ads limited by policy,4.70,0.00,0.34,1.12%,Search,72, --,7,9.72%,0.67,0.00,0.00%,0.00,0.00,0.00,  10%,  10%,  10%,  10%,48.89%,49.28%,45.29%,45.94%,  10%,0,0,72.73%
2025-02-23,Enabled,Reading Website Traffic - Radius Targeting - ZS - 5/12/24,Max. Clicks - Store Locations Radius Targeting  created on 1/3/2025 4:51 AM,USD,30.00,Daily,Eligible (Limited),limited by budget; some ads limited by policy,3.55,0.00,0.25,0.84%,Search,78, --,9,11.54%,0.39,0.00,0.00%,0.00,0.00,0.00,  10%,  10%,  10%,  10%,2.75%,2.08%,> 90%,> 90%, --,0,0,50.88%
2025-02-21,Enabled,Reading Website Traffic - Radius Targeting - ZS - 5/12/24,Max. Clicks - Store Locations Radius Targeting  created on 1/3/2025 4:51 AM,USD,30.00,Daily,Eligible (Limited),limited by budget; some ads limited by policy,3.54,0.00,0.25,0.84%,Search,88, --,6,6.82%,0.59,0.00,0.00%,0.00,0.00,0.00,  10%,  10%,  10%,  10%,20.44%,20.06%,73.72%,75.08%, --,Contact: 1.00; Phone call lead: 1.00,Contact: 12.00; Phone call lead: 20.00,68.09%
2025-02-18,Enabled,Allentown Website Traffic - Radius Targeting - ZS - 10/12/24,Max. Clicks - Store Locations Radius Targeting  created on 1/3/2025 4:51 AM,USD,30.00,Daily,Eligible (Limited),limited by budget; some ads limited by policy,9.19,0.00,0.66,2.19%,Search,175, --,12,6.86%,0.77,0.00,0.00%,0.00,0.00,0.00,  10%,  10%,  10%,  10%,0.00%,0.00%,> 90%,> 90%, --,0,0,65.49%
2025-02-16,Enabled,Holiday S. Shopping - 27/12/24 - ZS, --,USD,50.00,Daily,Eligible,unknown,25.02,0.00,1.79,3.57%,Shopping,"2,543", --,22,0.87%,1.14,1.00,4.55%,25.02,30.00,1.20,44.57%,80.12%, --,  10%,0.31%, --,19.58%, --, --,Get directions: 1.00,Get directions: 30.00, --
2025-02-13,Enabled,Allentown Website Traffic - Radius Targeting - ZS - 10/12/24,Max. Clicks - Store Locations Radius Targeting  created on 1/3/2025 4:51 AM,USD,30.00,Daily,Eligible (Limited),limited by budget; some ads limited by policy,15.51,1.00,1.11,3.69%,Search,235,100.00%,21,8.94%,0.74,1.00,4.76%,15.51,40.00,2.58,21.01%,  10%,  10%,  10%,11.35%,10.86%,82.09%,83.61%,  10%,Contact: 1.00; Store visit: 1.00,Contact: 12.00; Store visit: 40.00,68.99%
2025-02-12,Enabled,Website traffic feb 2025, --,USD,63.38,Daily,Eligible,unknown,0.33,0.00,0.02,0.04%,Search,31, --,2,6.45%,0.17,0.00,0.00%,0.00,0.00,0.00,  10%,  10%,  10%,  10%,0.00%,0.00%,> 90%,> 90%, --,0,0,44.44%
2025-02-12,Enabled,P.Max - 2 Conversions  - ZS, --,USD,50.00,Daily,Eligible (Limited),limited by budget; most asset groups limited by policy,52.85,10.32,3.77,7.55%,Performance Max,"6,335", --,117,1.85%,0.45,14.31,12.23%,3.69,532.35,10.07,  10%,10.49%, --, --,0.00%, --,89.51%, --, --,Contact: 1.00; Get directions: 3.99; Phone call lead: 1.00; Store visit: 10.32,Contact: 12.00; Get directions: 119.66; Phone call lead: 20.00; Store visit: 412.69, --
2025-02-17,Enabled,P.Max - 2 Conversions  - ZS, --,USD,50.00,Daily,Eligible (Limited),limited by budget; most asset groups limited by policy,53.23,4.83,3.80,7.60%,Performance Max,"6,500", --,131,2.02%,0.41,9.83,7.51%,5.41,343.33,6.45,11.06%,  10%, --, --,0.00%, --,> 90%, --, --,Contact: 6.00; Get directions: 5.00; Store visit: 4.83,Contact: 72.00; Get directions: 150.00; Store visit: 193.33, --
2025-02-13,Enabled,S. Shopping - Selected Products - 26/12/24 -ZS, --,USD,35.00,Daily,Eligible,unknown,29.74,2.00,2.12,6.07%,Shopping,"3,323", --,45,1.35%,0.66,2.00,4.44%,14.87,80.00,2.69,41.55%,78.01%, --,10.37%,8.31%, --,13.67%, --, --,Store visit: 2.00,Store visit: 80.00, --
2025-02-23,Enabled,Package Deals - P.Max - 2 Conversions  - ZS, --,USD,60.00,Daily,Eligible (Limited),limited by budget; unknown,51.72,0.00,3.69,6.16%,Performance Max,"13,387", --,157,1.17%,0.33,1.97,1.25%,26.27,59.08,1.14,10.51%,23.85%, --, --,0.00%, --,76.15%, --, --,Contact: 4.00; Get directions: 1.97,Contact: 48.00; Get directions: 59.08, --
2025-02-20,Enabled,S. Shopping - Selected Products - 26/12/24 -ZS, --,USD,35.00,Daily,Eligible,unknown,70.11,0.39,5.01,14.31%,Shopping,"2,824", --,47,1.66%,1.49,2.39,5.09%,29.32,75.66,1.08,35.53%,33.41%, --,32.99%,63.99%, --,2.60%, --, --,Get directions: 2.00; Store visit: 0.39,Get directions: 60.00; Store visit: 15.66, --
2025-02-16,Enabled,S. Shopping - Selected Products - 26/12/24 -ZS, --,USD,35.00,Daily,Eligible,unknown,23.11,0.25,1.65,4.72%,Shopping,"1,664", --,34,2.04%,0.68,1.26,3.71%,18.31,40.37,1.75,34.13%,73.35%, --,  10%,0.00%, --,26.65%, --, --,Get directions: 1.01; Store visit: 0.25,Get directions: 30.37; Store visit: 10.00, --
2025-02-12,Enabled,S. Shopping - Selected Products - 26/12/24 -ZS, --,USD,35.00,Daily,Eligible,unknown,43.92,1.98,3.14,8.96%,Shopping,"4,381", --,70,1.60%,0.63,3.30,4.71%,13.31,118.79,2.70,44.74%,82.41%, --,11.99%,0.19%, --,17.40%, --, --,Contact: 6.00; Get directions: 1.32; Store visit: 1.98,Contact: 72.00; Get directions: 39.69; Store visit: 79.09, --
2025-02-20,Enabled,Website traffic-Search-ZS-25/12/23, --,USD,50.00,Daily,Eligible (Limited),limited by budget; unknown,47.85,3.58,3.42,6.84%,Search,508, --,53,10.43%,0.90,6.58,12.42%,7.27,233.20,4.87,  10%,11.78%,  10%,  10%,58.73%,60.82%,29.49%,29.68%, --,Contact: 1.00; Get directions: 3.00; Store visit: 3.58,Contact: 12.00; Get directions: 90.00; Store visit: 143.20,66.23%
2025-02-15,Enabled,Website traffic feb 2025, --,USD,63.38,Daily,Eligible,unknown,0.21,0.00,0.02,0.02%,Search,67, --,9,13.43%,0.02,0.00,0.00%,0.00,0.00,0.00,11.75%,  10%,  10%,  10%,0.00%,0.00%,> 90%,> 90%, --,0,0,53.57%
2025-02-20,Enabled,Website traffic feb 2025, --,USD,63.38,Daily,Eligible,unknown,0.47,0.00,0.03,0.05%,Search,54, --,5,9.26%,0.09,0.00,0.00%,0.00,0.00,0.00,11.92%,  10%,  10%,  10%,0.00%,0.00%,> 90%,> 90%, --,0,0,27.78%
2025-02-17,Enabled,P.Max - Re.Mar. Existing Audience Segments - ZS, --,USD,25.00,Daily,Eligible (Limited),limited by budget; unknown,34.26,39.00,2.45,9.79%,Performance Max,"17,410", --,12,0.07%,2.85,39.00,0.00%,0.88,"1,560.00",45.54,  10%,  10%, --, --,0.00%, --,> 90%, --, --,0,0, --
2025-02-22,Enabled,Ewing Website Traffic - Radius Targeting - ZS - 30/12/24,Max. Clicks - Store Locations Radius Targeting  created on 1/3/2025 4:51 AM,USD,30.00,Daily,Eligible (Limited),limited by budget; most ads limited by policy,12.35,0.00,0.88,2.94%,Search,326, --,25,7.67%,0.49,1.00,4.00%,12.35,30.00,2.43,  10%,  10%,  10%,  10%,23.93%,23.68%,73.05%,73.54%, --,Contact: 1.00; Get directions: 1.00,Contact: 12.00; Get directions: 30.00,72.73%
2025-02-25,Enabled,Reading Website Traffic - Radius Targeting - ZS - 5/12/24,Max. Clicks - Store Locations Radius Targeting  created on 1/3/2025 4:51 AM,USD,30.00,Daily,Eligible (Limited),limited by budget; some ads limited by policy,3.50,0.00,0.25,0.83%,Search,95, --,6,6.32%,0.58,0.00,0.00%,0.00,0.00,0.00, --,  10%,  10%,  10%,14.29%,13.43%,78.00%,78.86%, --,0,0,81.97%
2025-02-18,Enabled,Holiday S. Shopping - 27/12/24 - ZS, --,USD,50.00,Daily,Eligible,unknown,47.25,1.00,3.37,6.75%,Shopping,"3,591", --,47,1.31%,1.01,3.00,6.38%,15.75,100.00,2.12,50.87%,89.35%, --,15.40%,0.58%, --,10.08%, --, --,Get directions: 2.00; Store visit: 1.00,Get directions: 60.00; Store visit: 40.00, --
2025-02-17,Enabled,Holiday S. Shopping - 27/12/24 - ZS, --,USD,50.00,Daily,Eligible,unknown,51.44,0.00,3.67,7.35%,Shopping,"3,905", --,47,1.20%,1.09,0.01,0.02%,6373.97,0.24,0.00,43.48%,81.48%, --,  10%,7.52%, --,11.01%, --, --,Contact: 1.00; Get directions: 0.01,Contact: 12.00; Get directions: 0.24, --
2025-02-13,Enabled,Holiday S. Shopping - 27/12/24 - ZS, --,USD,50.00,Daily,Eligible,unknown,5.97,0.00,0.43,0.85%,Shopping,"1,132", --,8,0.71%,0.75,0.00,0.00%,0.00,0.00,0.00,37.42%,83.67%, --,12.98%,0.82%, --,15.51%, --, --,0,0, --
2025-02-20,Enabled,Allentown Website Traffic - Radius Targeting - ZS - 10/12/24,Max. Clicks - Store Locations Radius Targeting  created on 1/3/2025 4:51 AM,USD,30.00,Daily,Eligible (Limited),limited by budget; some ads limited by policy,10.86,0.00,0.78,2.59%,Search,185, --,15,8.11%,0.72,0.00,0.00%,0.00,0.00,0.00,  10%,  10%,  10%,  10%,9.67%,9.19%,82.84%,83.84%, --,0,0,75.00%
2025-02-17,Enabled,Package Deals - P.Max - 2 Conversions  - ZS, --,USD,60.00,Daily,Eligible (Limited),limited by budget; unknown,59.63,5.50,4.26,7.10%,Performance Max,"12,137", --,157,1.29%,0.38,8.50,5.41%,7.02,310.00,5.20,  10%,27.13%, --, --,0.00%, --,72.87%, --, --,Contact: 4.00; Get directions: 3.00; Store visit: 5.50,Contact: 48.00; Get directions: 90.00; Store visit: 220.00, --
2025-02-23,Enabled,Website traffic feb 2025, --,USD,63.38,Daily,Eligible,unknown,0.32,0.00,0.02,0.04%,Search,44, --,1,2.27%,0.32,0.00,0.00%,0.00,0.00,0.00,  10%,  10%,  10%,  10%,0.00%,0.00%,> 90%,> 90%, --,0,0,23.08%
2025-02-20,Enabled,Living Room Search - 4 Conversions - ZS, --,USD,50.00,Daily,Eligible (Limited),limited by budget; unknown,50.25,1.83,3.59,7.18%,Search,414, --,46,11.11%,1.09,3.83,8.33%,13.11,133.33,2.65,  10%,  10%,  10%,  10%,86.93%,86.72%,4.99%,4.84%, --,Contact: 1.00; Get directions: 2.00; Store visit: 1.83,Contact: 12.00; Get directions: 60.00; Store visit: 73.33,82.63%
2025-02-22,Enabled,P.Max - Re.Mar. Existing Audience Segments - ZS, --,USD,25.00,Daily,Eligible (Limited),limited by budget; unknown,24.62,54.00,1.76,7.03%,Performance Max,"18,249", --,7,0.04%,3.52,54.00,0.00%,0.46,"2,160.00",87.73,  10%,  10%, --, --,0.00%, --,> 90%, --, --,0,0, --
2025-02-21,Enabled,P.Max - Re.Mar. Existing Audience Segments - ZS, --,USD,25.00,Daily,Eligible (Limited),limited by budget; unknown,25.29,51.00,1.81,7.23%,Performance Max,"15,244", --,14,0.09%,1.81,51.00,7.14%,0.50,"2,040.00",80.66,  10%,  10%, --, --,0.00%, --,> 90%, --, --,Store visit: 1.00,Store visit: 40.00, --
2025-02-14,Enabled,P.Max - Re.Mar. Existing Audience Segments - ZS, --,USD,25.00,Daily,Eligible (Limited),limited by budget; unknown,25.86,55.00,1.85,7.39%,Performance Max,"16,891", --,9,0.05%,2.87,55.00,11.11%,0.47,"2,200.00",85.09,  10%,  10%, --, --,0.00%, --,> 90%, --, --,Store visit: 1.00,Store visit: 40.00, --
2025-02-13,Enabled,Ewing Website Traffic - Radius Targeting - ZS - 30/12/24,Max. Clicks - Store Locations Radius Targeting  created on 1/3/2025 4:51 AM,USD,30.00,Daily,Eligible (Limited),limited by budget; most ads limited by policy,7.90,0.00,0.56,1.88%,Search,274, --,11,4.01%,0.72,0.00,0.00%,0.00,0.00,0.00,  10%,  10%,  10%,  10%,12.25%,11.44%,83.24%,84.28%,  10%,Contact: 2.00,Contact: 24.00,76.19%
2025-02-21,Enabled,Holiday S. Shopping - 27/12/24 - ZS, --,USD,50.00,Daily,Eligible,unknown,57.73,1.00,4.12,8.25%,Shopping,"5,256", --,49,0.93%,1.18,2.00,4.08%,28.87,70.00,1.21,35.30%,66.97%, --,14.35%,22.62%, --,10.41%, --, --,Get directions: 1.00; Store visit: 1.00,Get directions: 30.00; Store visit: 40.00, --
2025-02-13,Enabled,Website traffic-Search-ZS-25/12/23, --,USD,50.00,Daily,Eligible (Limited),limited by budget; unknown,50.93,6.80,3.64,7.28%,Search,551, --,52,9.44%,0.98,8.74,16.82%,5.82,330.31,6.49,  10%,11.90%,  10%,  10%,34.23%,34.24%,53.87%,57.75%, --,Contact: 7.00; Get directions: 1.95; Store visit: 6.80,Contact: 84.00; Get directions: 58.36; Store visit: 271.95,57.82%
2025-02-13,Enabled,Living Room Search - 4 Conversions - ZS, --,USD,50.00,Daily,Eligible (Limited),limited by budget; unknown,56.76,2.00,4.05,8.11%,Search,340, --,30,8.82%,1.89,3.00,10.00%,18.92,110.00,1.94,  10%,  10%,  10%,  10%,85.06%,85.63%,6.06%,6.17%, --,Get directions: 1.00; Store visit: 2.00,Get directions: 30.00; Store visit: 80.00,75.15%
2025-02-12,Enabled,Living Room Search - 4 Conversions - ZS, --,USD,50.00,Daily,Eligible (Limited),limited by budget; unknown,53.04,2.26,3.79,7.58%,Search,490, --,35,7.14%,1.52,3.26,9.31%,16.28,120.29,2.27,  10%,10.18%,  10%,  10%,82.34%,83.04%,7.48%,7.47%, --,Contact: 1.00; Get directions: 1.00; Store visit: 2.26,Contact: 12.00; Get directions: 30.00; Store visit: 90.29,75.95%
2025-02-24,Enabled,Living Room Search - 4 Conversions - ZS, --,USD,50.00,Daily,Eligible (Limited),limited by budget; unknown,50.07,0.00,3.58,7.15%,Search,399, --,47,11.78%,1.07,1.50,3.19%,33.38,45.00,0.90,  10%,  10%,  10%,  10%,89.58%,89.83%,2.71%,2.35%, --,Get directions: 1.50,Get directions: 45.00,81.53%
2025-02-23,Enabled,Living Room Search - 4 Conversions - ZS, --,USD,50.00,Daily,Eligible (Limited),limited by budget; unknown,52.01,0.00,3.71,7.43%,Search,438, --,48,10.96%,1.08,0.00,0.00%,0.00,0.00,0.00,  10%,  10%,  10%,  10%,> 90%,> 90%,3.31%,2.96%, --,Contact: 1.00,Contact: 12.00,80.29%
2025-02-19,Enabled,Reading Website Traffic - Radius Targeting - ZS - 5/12/24,Max. Clicks - Store Locations Radius Targeting  created on 1/3/2025 4:51 AM,USD,30.00,Daily,Eligible (Limited),limited by budget; some ads limited by policy,9.31,0.00,0.66,2.22%,Search,83, --,13,15.66%,0.72,0.00,0.00%,0.00,0.00,0.00,  10%,  10%,  10%,  10%,6.19%,5.23%,85.97%,88.03%, --,0,0,70.18%
2025-02-21,Enabled,Allentown Website Traffic - Radius Targeting - ZS - 10/12/24,Max. Clicks - Store Locations Radius Targeting  created on 1/3/2025 4:51 AM,USD,30.00,Daily,Eligible (Limited),limited by budget; some ads limited by policy,13.11,1.00,0.94,3.12%,Search,186, --,19,10.22%,0.69,2.00,10.53%,6.56,70.00,5.34,  10%,  10%,  10%,  10%,22.80%,22.23%,71.30%,72.89%, --,Get directions: 1.00; Store visit: 1.00,Get directions: 30.00; Store visit: 40.00,66.32%
2025-02-18,Enabled,Website traffic feb 2025, --,USD,63.38,Daily,Eligible,unknown,0.55,0.09,0.04,0.06%,Search,37, --,3,8.11%,0.18,0.00,0.00%,0.00,0.00,0.00,  10%,  10%,  10%,  10%,0.00%,0.00%,> 90%,> 90%, --,Store visit: 0.09,Store visit: 3.64,57.89%
